Episode,Reward,BusesProduced,AvgEfficiency,TotalCost,Epsilon
0,58.000000000004746,49,2.8815369330963865,1324830.6666666665,1.0
1,78.00000000001182,51,2.513292543745614,1324830.6666666665,0.9980160320641283
2,147.9999999999949,58,2.421277646713437,1324830.6666666665,0.9960320641282565
3,287.9999999999358,72,2.6485162551342496,1324830.6666666665,0.9940480961923848
4,288.0000000000202,72,2.658147160952677,1324830.6666666665,0.992064128256513
5,327.9999999999455,76,2.54522887470943,1324830.6666666665,0.9900801603206413
6,357.9999999999868,79,2.463354543007508,1324830.6666666665,0.9880961923847695
7,368.0000000000064,80,2.452596012086852,1324830.6666666665,0.9861122244488978
8,537.9999999999186,97,2.8697602278562377,1324830.6666666665,0.984128256513026
9,587.999999999928,102,2.549013011459918,1324830.6666666665,0.9821442885771543
10,667.999999999961,110,2.286608685159196,1324830.6666666665,0.9801603206412826
11,667.9999999999862,110,2.2594997947996016,1324830.6666666665,0.9781763527054108
12,677.9999999999543,111,2.3928766854096883,1324830.6666666665,0.9761923847695391
13,717.9999999999252,115,2.3922745654209847,1324830.6666666665,0.9742084168336673
14,747.9999999999311,118,2.455530368500803,1324830.6666666665,0.9722244488977956
15,747.9999999999394,118,2.2580083858765705,1324830.6666666665,0.9702404809619238
16,797.9999999999752,123,2.549659170373019,1324830.6666666665,0.9682565130260521
17,817.9999999999299,125,2.443695919419134,1324830.6666666665,0.9662725450901803
18,827.9999999999783,126,2.440900734035534,1324830.6666666665,0.9642885771543086
19,847.9999999999426,128,2.3701839626494183,1324830.6666666665,0.9623046092184369
20,877.9999999999313,131,2.4020024642914417,1324830.6666666665,0.9603206412825651
21,927.9999999999192,136,2.3687698888548017,1324830.6666666665,0.9583366733466934
22,927.9999999999304,136,2.4300903080723333,1324830.6666666665,0.9563527054108216
23,927.999999999932,136,2.345025981277008,1324830.6666666665,0.9543687374749499
24,927.999999999998,136,2.646315046711158,1324830.6666666665,0.9523847695390781
25,937.999999999918,137,2.351006177271817,1324830.6666666665,0.9504008016032064
26,937.9999999999344,137,2.2704300857343025,1324830.6666666665,0.9484168336673346
27,937.999999999945,137,2.512647632981329,1324830.6666666665,0.9464328657314629
28,947.9999999999264,138,2.3607511337829195,1324830.6666666665,0.9444488977955912
29,957.999999999926,139,2.3011579777810587,1324830.6666666665,0.9424649298597194
30,957.9999999999336,139,2.4736470555134646,1324830.6666666665,0.9404809619238477
31,967.9999999999268,140,2.3569328897748463,1324830.6666666665,0.9384969939879759
32,997.9999999999376,143,2.365076180846485,1324830.6666666665,0.9365130260521042
33,1007.9999999999256,144,2.4214827241861845,1324830.6666666665,0.9345290581162324
34,1007.9999999999504,144,2.3013544871937026,1324830.6666666665,0.9325450901803607
35,1037.9999999999295,147,2.2720840347628246,1324830.6666666665,0.930561122244489
36,1047.999999999933,148,2.3862478312430677,1324830.6666666665,0.9285771543086172
37,1057.9999999999418,149,2.457272865215327,1324830.6666666665,0.9265931863727455
38,1057.999999999952,149,2.310817513143854,1324830.6666666665,0.9246092184368737
39,1057.999999999955,149,2.65061393355064,1324830.6666666665,0.922625250501002
40,1057.999999999987,149,2.4561768964986963,1324830.6666666665,0.9206412825651302
41,1067.9999999999595,150,2.3801288133717424,1324830.6666666665,0.9186573146292585
42,1067.999999999966,150,2.568264940868572,1324830.6666666665,0.9166733466933867
43,1077.999999999948,151,2.332983459049066,1324830.6666666665,0.914689378757515
44,1077.9999999999634,151,2.265832965741445,1324830.6666666665,0.9127054108216432
45,1088.0000000000275,152,2.406264579051922,1324830.6666666665,0.9107214428857715
46,1097.9999999999625,153,2.384697024586386,1324830.6666666665,0.9087374749498998
47,1127.99999999998,156,2.280195593811144,1324830.6666666665,0.906753507014028
48,1128.0000000000132,156,2.531685715322165,1324830.6666666665,0.9047695390781563
49,1137.999999999961,157,2.4300945509133367,1324830.6666666665,0.9027855711422845
50,1148.0000000000057,158,2.2290546349310927,1324830.6666666665,0.9008016032064128
51,1148.0000000000246,158,2.5001545856387724,1324830.6666666665,0.898817635270541
52,1157.9999999999682,159,2.5229206382493667,1324830.6666666665,0.8968336673346693
53,1157.999999999974,159,2.6679400097507635,1324830.6666666665,0.8948496993987975
54,1198.0000000000225,163,2.346926297488698,1324830.6666666665,0.8928657314629258
55,1198.0000000000284,163,2.285514322683041,1324830.6666666665,0.8908817635270541
56,1198.00000000006,163,2.766762726181794,1324830.6666666665,0.8888977955911823
57,1198.000000000092,163,2.418775324391892,1324830.6666666665,0.8869138276553106
58,1217.999999999972,165,2.395387092134391,1324830.6666666665,0.8849298597194388
59,1217.9999999999916,165,2.3623520832484064,1324830.6666666665,0.8829458917835671
60,1228.00000000001,166,2.4960423315716405,1324830.6666666665,0.8809619238476953
61,1238.0000000000152,167,2.4042453710861182,1324830.6666666665,0.8789779559118236
62,1238.0000000000723,167,2.363975245801052,1324830.6666666665,0.8769939879759518
63,1238.0000000001532,167,2.494096874185751,1324830.6666666665,0.8750100200400801
64,1248.000000000003,168,2.3389694667484395,1324830.6666666665,0.8730260521042084
65,1257.999999999991,169,2.509432501704524,1324830.6666666665,0.8710420841683366
66,1258.0000000000184,169,2.589160746618125,1324830.6666666665,0.8690581162324649
67,1268.000000000015,170,2.3391262525533367,1324830.6666666665,0.8670741482965931
68,1268.0000000000307,170,2.301340459388345,1324830.6666666665,0.8650901803607214
69,1268.0000000000364,170,2.424464635492736,1324830.6666666665,0.8631062124248496
70,1268.0000000000475,170,2.3611264557408465,1324830.6666666665,0.8611222444889779
71,1268.0000000000591,170,2.402861598286758,1324830.6666666665,0.8591382765531062
72,1278.000000000029,171,2.3624721822481662,1324830.6666666665,0.8571543086172344
73,1288.0000000000068,172,2.335142643146424,1324830.6666666665,0.8551703406813627
74,1288.00000000001,172,2.4222047209415543,1324830.6666666665,0.8531863727454909
75,1288.0000000000289,172,2.3663938923111467,1324830.6666666665,0.8512024048096192
76,1297.9999999999768,173,2.31705479643148,1324830.6666666665,0.8492184368737474
77,1297.9999999999916,173,2.354638328853861,1324830.6666666665,0.8472344689378757
78,1298.0000000000305,173,2.347399825340078,1324830.6666666665,0.8452505010020039
79,1298.000000000031,173,2.365433767536408,1324830.6666666665,0.8432665330661322
80,1308.0000000001082,174,2.541687999234636,1324830.6666666665,0.8412825651302605
81,1318.0000000000834,175,2.550990040127131,1324830.6666666665,0.8392985971943888
82,1328.0000000000348,176,2.60657143895276,1324830.6666666665,0.8373146292585171
83,1338.000000000007,177,2.527803360492182,1324830.6666666665,0.8353306613226453
84,1338.000000000069,177,2.5200900797513595,1324830.6666666665,0.8333466933867736
85,1348.0000000000966,178,2.36236468030612,1324830.6666666665,0.8313627254509018
86,1348.0000000001523,178,2.3839641741644155,1324830.6666666665,0.8293787575150301
87,1358.0000000000784,179,2.620431976998318,1324830.6666666665,0.8273947895791584
88,1358.000000000079,179,2.434164714709332,1324830.6666666665,0.8254108216432866
89,1368.000000000085,180,2.3794414577164043,1324830.6666666665,0.8234268537074149
90,1377.9999999999766,181,2.3535885527372744,1324830.6666666665,0.8214428857715431
91,1378.0000000000334,181,2.2918794668745144,1324830.6666666665,0.8194589178356714
92,1378.0000000001032,181,2.54860296130134,1324830.6666666665,0.8174749498997996
93,1388.000000000035,182,2.314879534710613,1324830.6666666665,0.8154909819639279
94,1388.0000000000489,182,2.3076495981267384,1324830.6666666665,0.8135070140280561
95,1398.000000000043,183,2.3011411494877625,1324830.6666666665,0.8115230460921844
96,1398.0000000001046,183,2.85473716567043,1324830.6666666665,0.8095390781563127
97,1398.000000000128,183,2.3937292401785037,1324830.6666666665,0.8075551102204409
98,1398.0000000001307,183,2.6842396937270334,1324830.6666666665,0.8055711422845692
99,1408.00000000005,184,2.387841371606827,1324830.6666666665,0.8035871743486974
100,1408.0000000001055,184,2.469064978266643,1324830.6666666665,0.8016032064128257
101,1408.00000000015,184,2.4615874072879262,1324830.6666666665,0.7996192384769539
102,1418.0000000000346,185,2.306830354676231,1324830.6666666665,0.7976352705410822
103,1418.0000000001214,185,2.421961560688324,1324830.6666666665,0.7956513026052104
104,1428.0000000000446,186,2.434829696027789,1324830.6666666665,0.7936673346693387
105,1428.0000000000457,186,2.3086131263165224,1324830.6666666665,0.791683366733467
106,1428.0000000000546,186,2.218031004253323,1324830.6666666665,0.7896993987975952
107,1428.0000000000584,186,2.502018605018318,1324830.6666666665,0.7877154308617235
108,1428.0000000000632,186,2.1656829450100794,1324830.6666666665,0.7857314629258517
109,1428.000000000079,186,2.3630769394575517,1324830.6666666665,0.78374749498998
110,1428.0000000000975,186,2.298636000095377,1324830.6666666665,0.7817635270541082
111,1428.0000000001423,186,2.4378246442324003,1324830.6666666665,0.7797795591182365
112,1438.000000000106,187,2.3960713880331648,1324830.6666666665,0.7777955911823647
113,1458.0000000000614,189,2.284149606156959,1324830.6666666665,0.775811623246493
114,1458.000000000074,189,2.281882140643111,1324830.6666666665,0.7738276553106213
115,1458.000000000088,189,2.8050564511074287,1324830.6666666665,0.7718436873747495
116,1468.0000000000384,190,2.4205290800197243,1324830.6666666665,0.7698597194388778
117,1468.000000000058,190,2.804357984209954,1324830.6666666665,0.767875751503006
118,1468.0000000000775,190,2.425996477963788,1324830.6666666665,0.7658917835671343
119,1468.000000000102,190,2.2135076596113823,1324830.6666666665,0.7639078156312625
120,1478.0000000000623,191,2.3505758017239904,1324830.6666666665,0.7619238476953908
121,1478.0000000000732,191,2.2497703804638283,1324830.6666666665,0.759939879759519
122,1478.0000000000744,191,2.2746686449019013,1324830.6666666665,0.7579559118236473
123,1478.0000000000796,191,2.262030425812,1324830.6666666665,0.7559719438877756
124,1478.0000000000798,191,2.266012398958629,1324830.6666666665,0.7539879759519038
125,1488.0000000000505,192,2.376009588267608,1324830.6666666665,0.7520040080160321
126,1488.0000000000753,192,2.3042392263138742,1324830.6666666665,0.7500200400801603
127,1488.0000000000991,192,2.494449059529328,1324830.6666666665,0.7480360721442886
128,1488.0000000001005,192,2.337956774968882,1324830.6666666665,0.7460521042084168
129,1498.0000000000796,193,2.238694011967101,1324830.6666666665,0.7440681362725451
130,1498.000000000091,193,2.2151491748068466,1324830.6666666665,0.7420841683366733
131,1508.0000000000548,194,2.243472056395334,1324830.6666666665,0.7401002004008016
132,1508.0000000000762,194,2.3476347205043187,1324830.6666666665,0.7381162324649299
133,1508.0000000001107,194,2.358947042778775,1324830.6666666665,0.7361322645290581
134,1508.0000000001517,194,2.3277489650936243,1324830.6666666665,0.7341482965931864
135,1518.0000000000948,195,2.26414801494149,1324830.6666666665,0.7321643286573146
136,1518.0000000000964,195,2.3365955296688243,1324830.6666666665,0.7301803607214429
137,1518.0000000000994,195,2.270753124033497,1324830.6666666665,0.7281963927855711
138,1528.0000000000844,196,2.270174534507052,1324830.6666666665,0.7262124248496994
139,1538.0000000000434,197,2.45779590526965,1324830.6666666665,0.7242284569138276
140,1538.0000000000528,197,2.7688682431887672,1324830.6666666665,0.7222444889779559
141,1538.0000000000568,197,2.366933468644436,1324830.6666666665,0.7202605210420842
142,1548.0000000000828,198,2.4999138586029304,1324830.6666666665,0.7182765531062124
143,1548.000000000095,198,2.384183598587373,1324830.6666666665,0.7162925851703407
144,1548.0000000001262,198,2.288124732614436,1324830.6666666665,0.7143086172344689
145,1548.0000000001703,198,2.5032965266024814,1324830.6666666665,0.7123246492985972
146,1558.0000000000534,199,2.3622792899061507,1324830.6666666665,0.7103406813627254
147,1558.000000000069,199,2.5055005139872137,1324830.6666666665,0.7083567134268537
148,1558.0000000000955,199,2.335763224727165,1324830.6666666665,0.706372745490982
149,1568.000000000075,200,2.376568674626474,1324830.6666666665,0.7043887775551102
150,1568.0000000000969,200,2.205605421335295,1324830.6666666665,0.7024048096192385
151,1568.0000000001255,200,2.247584626234203,1324830.6666666665,0.7004208416833667
152,1568.0000000001326,200,2.2857277497907647,1324830.6666666665,0.698436873747495
153,1578.0000000000716,201,2.263115186210627,1324830.6666666665,0.6964529058116232
154,1578.0000000000834,201,2.208570671421087,1324830.6666666665,0.6944689378757515
155,1578.000000000108,201,2.2905851802710373,1324830.6666666665,0.6924849699398797
156,1588.0000000000748,202,2.146685537763151,1324830.6666666665,0.690501002004008
157,1588.0000000000812,202,2.2821952471581275,1324830.6666666665,0.6885170340681362
158,1598.000000000068,203,2.306876183252458,1324830.6666666665,0.6865330661322645
159,1598.0000000000755,203,2.143901171352202,1324830.6666666665,0.6845490981963928
160,1598.0000000000966,203,2.188246343187495,1324830.6666666665,0.682565130260521
161,1598.0000000000982,203,2.3389444401788437,1324830.6666666665,0.6805811623246494
162,1598.0000000001023,203,2.2177645890850584,1324830.6666666665,0.6785971943887776
163,1608.0000000000612,204,2.24386741611233,1324830.6666666665,0.6766132264529059
164,1608.0000000000812,204,2.2434822234485643,1324830.6666666665,0.6746292585170341
165,1608.0000000000955,204,2.2926340833376795,1324830.6666666665,0.6726452905811624
166,1608.0000000000991,204,2.3211048058268813,1324830.6666666665,0.6706613226452907
167,1608.0000000001148,204,2.2056182170729093,1324830.6666666665,0.6686773547094189
168,1618.0000000000746,205,2.426049627655956,1324830.6666666665,0.6666933867735472
169,1618.0000000000864,205,2.380652104439076,1324830.6666666665,0.6647094188376754
170,1618.0000000000914,205,2.244143918268545,1324830.6666666665,0.6627254509018037
171,1618.0000000001196,205,2.3005258729599904,1324830.6666666665,0.6607414829659319
172,1618.0000000001646,205,2.390229249178338,1324830.6666666665,0.6587575150300602
173,1628.00000000009,206,2.233144928826255,1324830.6666666665,0.6567735470941884
174,1628.000000000094,206,2.405717233193069,1324830.6666666665,0.6547895791583167
175,1628.0000000000955,206,2.2545919364398648,1324830.6666666665,0.652805611222445
176,1628.0000000001207,206,2.164500679624376,1324830.6666666665,0.6508216432865732
177,1628.000000000127,206,2.3760656480093507,1324830.6666666665,0.6488376753507015
178,1628.0000000001316,206,2.231497247659444,1324830.6666666665,0.6468537074148297
179,1628.0000000001332,206,2.372377030531822,1324830.6666666665,0.644869739478958
180,1628.000000000137,206,2.296961485033603,1324830.6666666665,0.6428857715430862
181,1628.0000000001387,206,2.364664785335451,1324830.6666666665,0.6409018036072145
182,1638.0000000000643,207,2.390639855683688,1324830.6666666665,0.6389178356713427
183,1638.000000000069,207,2.3804226058365696,1324830.6666666665,0.636933867735471
184,1638.000000000097,207,2.332019430070617,1324830.6666666665,0.6349498997995993
185,1638.000000000118,207,2.2463409059885,1324830.6666666665,0.6329659318637275
186,1638.0000000001214,207,2.19730296528394,1324830.6666666665,0.6309819639278558
187,1638.0000000001282,207,2.225753653573856,1324830.6666666665,0.628997995991984
188,1638.0000000001291,207,2.3266038131600317,1324830.6666666665,0.6270140280561123
189,1648.0000000000894,208,2.4482493794265268,1324830.6666666665,0.6250300601202405
190,1648.0000000001016,208,2.3129506873020382,1324830.6666666665,0.6230460921843688
191,1648.0000000001132,208,2.331084110450986,1324830.6666666665,0.621062124248497
192,1648.0000000001194,208,2.2213051854977675,1324830.6666666665,0.6190781563126253
193,1648.0000000001228,208,2.2544245278653574,1324830.6666666665,0.6170941883767536
194,1648.0000000001353,208,2.636550148024557,1324830.6666666665,0.6151102204408818
195,1648.000000000148,208,2.311656046072552,1324830.6666666665,0.6131262525050101
196,1658.0000000000623,209,2.4354784130418423,1324830.6666666665,0.6111422845691383
197,1658.000000000079,209,2.0340134148667666,1324830.6666666665,0.6091583166332666
198,1658.0000000000955,209,2.369253713655384,1324830.6666666665,0.6071743486973948
199,1658.0000000001096,209,2.3666272115646305,1324830.6666666665,0.6051903807615231
200,1658.0000000001128,209,2.831820858645698,1324830.6666666665,0.6032064128256514
201,1658.000000000137,209,2.365740081256757,1324830.6666666665,0.6012224448897796
202,1668.0000000000834,210,2.315595203862275,1324830.6666666665,0.5992384769539079
203,1668.0000000000873,210,2.233378068107684,1324830.6666666665,0.5972545090180361
204,1668.000000000088,210,2.298732907878565,1324830.6666666665,0.5952705410821644
205,1668.0000000001214,210,2.249299508287212,1324830.6666666665,0.5932865731462926
206,1678.0000000000684,211,2.299662594788688,1324830.6666666665,0.5913026052104209
207,1678.000000000117,211,2.141770426755459,1324830.6666666665,0.5893186372745491
208,1678.0000000001344,211,2.3007602024805296,1324830.6666666665,0.5873346693386774
209,1688.0000000000944,212,2.3058236976412525,1324830.6666666665,0.5853507014028057
210,1688.000000000096,212,2.225904273508176,1324830.6666666665,0.5833667334669339
211,1688.000000000115,212,2.134906756404792,1324830.6666666665,0.5813827655310622
212,1688.0000000001164,212,2.0177143385335707,1324830.6666666665,0.5793987975951904
213,1688.0000000001237,212,2.1749826796849794,1324830.6666666665,0.5774148296593187
214,1688.000000000128,212,2.221280781755395,1324830.6666666665,0.5754308617234469
215,1688.0000000001355,212,2.291306504177055,1324830.6666666665,0.5734468937875752
216,1688.000000000136,212,2.2988168221293868,1324830.6666666665,0.5714629258517034
217,1698.0000000000769,213,2.7516389635039684,1324830.6666666665,0.5694789579158317
218,1698.0000000000798,213,2.274165535588283,1324830.6666666665,0.56749498997996
219,1698.0000000001098,213,2.174369926610748,1324830.6666666665,0.5655110220440882
220,1698.0000000001562,213,2.330656754288844,1324830.6666666665,0.5635270541082165
221,1708.0000000000869,214,2.3386191176153246,1324830.6666666665,0.5615430861723447
222,1708.000000000091,214,2.368009001083473,1324830.6666666665,0.559559118236473
223,1708.000000000098,214,2.377094704838937,1324830.6666666665,0.5575751503006012
224,1708.0000000001116,214,2.244267574876237,1324830.6666666665,0.5555911823647295
225,1708.0000000001246,214,2.2274150570611875,1324830.6666666665,0.5536072144288577
226,1708.000000000127,214,2.3796553046857647,1324830.6666666665,0.551623246492986
227,1708.0000000001369,214,2.283681203675221,1324830.6666666665,0.5496392785571143
228,1718.000000000069,215,2.194245360110618,1324830.6666666665,0.5476553106212425
229,1718.000000000098,215,2.3248173709971165,1324830.6666666665,0.5456713426853708
230,1718.0000000001064,215,2.255607282056983,1324830.6666666665,0.543687374749499
231,1718.0000000001166,215,2.3055420814614065,1324830.6666666665,0.5417034068136273
232,1728.0000000001332,216,2.2919292945512604,1324830.6666666665,0.5397194388777555
233,1728.0000000001369,216,2.203307303412603,1324830.6666666665,0.5377354709418838
234,1738.000000000092,217,2.5350927625793207,1324830.6666666665,0.535751503006012
235,1738.000000000113,217,2.123632682188534,1324830.6666666665,0.5337675350701403
236,1738.0000000001266,217,2.164012778902786,1324830.6666666665,0.5317835671342686
237,1738.0000000001323,217,2.148443559289691,1324830.6666666665,0.5297995991983968
238,1738.0000000001337,217,2.331249508736439,1324830.6666666665,0.5278156312625251
239,1748.000000000111,218,2.2349853177595698,1324830.6666666665,0.5258316633266533
240,1748.000000000124,218,2.4066548366506004,1324830.6666666665,0.5238476953907816
241,1748.0000000001298,218,2.3192959350616533,1324830.6666666665,0.5218637274549098
242,1748.0000000001428,218,2.3676662775411743,1324830.6666666665,0.5198797595190381
243,1748.000000000158,218,2.3149851937504864,1324830.6666666665,0.5178957915831663
244,1758.0000000001155,219,2.339631455919164,1324830.6666666665,0.5159118236472946
245,1758.0000000001162,219,2.1721230996633194,1324830.6666666665,0.5139278557114229
246,1758.0000000001205,219,2.1545795399167527,1324830.6666666665,0.5119438877755511
247,1758.0000000001528,219,2.286514913557933,1324830.6666666665,0.5099599198396794
248,1768.0000000000923,220,2.276419585609568,1324830.6666666665,0.5079759519038076
249,1768.000000000104,220,2.188255284546263,1324830.6666666665,0.5059919839679359
250,1768.0000000001232,220,2.170684430130181,1324830.6666666665,0.5040080160320641
251,1768.0000000001282,220,2.149812178744598,1324830.6666666665,0.5020240480961924
252,1768.0000000001291,220,2.2132402978479395,1324830.6666666665,0.5000400801603206
253,1778.0000000001144,221,2.15651880222135,1324830.6666666665,0.4980561122244489
254,1778.000000000116,221,2.172613038487493,1324830.6666666665,0.49607214428857715
255,1778.0000000001212,221,2.129511205582095,1324830.6666666665,0.4940881763527054
256,1778.000000000122,221,2.442663907553107,1324830.6666666665,0.49210420841683367
257,1778.0000000001414,221,2.406528987224419,1324830.6666666665,0.4901202404809619
258,1788.0000000000657,222,2.359706815713653,1324830.6666666665,0.4881362725450902
259,1788.0000000001144,222,2.225733046230701,1324830.6666666665,0.48615230460921843
260,1788.0000000001164,222,2.195485303562771,1324830.6666666665,0.4841683366733467
261,1788.00000000012,222,2.213385878627823,1324830.6666666665,0.48218436873747494
262,1788.0000000001262,222,2.2456859946528693,1324830.6666666665,0.4802004008016032
263,1788.000000000132,222,2.1751743694068124,1324830.6666666665,0.47821643286573146
264,1798.0000000001123,223,2.141024077313702,1324830.6666666665,0.4762324649298597
265,1798.000000000116,223,2.3392638363315776,1324830.6666666665,0.47424849699398797
266,1798.0000000001305,223,2.440127919186984,1324830.6666666665,0.4722645290581162
267,1798.0000000001476,223,2.1420566051413115,1324830.6666666665,0.4702805611222445
268,1808.0000000001107,224,2.1728892833971423,1324830.6666666665,0.46829659318637273
269,1808.000000000127,224,2.1455576738756803,1324830.6666666665,0.466312625250501
270,1808.0000000001576,224,2.215952612353643,1324830.6666666665,0.46432865731462925
271,1808.0000000001585,224,2.2670213679961564,1324830.6666666665,0.4623446893787575
272,1808.000000000171,224,2.2680818299289016,1324830.6666666665,0.46036072144288576
273,1818.0000000001069,225,2.4515911164657664,1324830.6666666665,0.458376753507014
274,1818.0000000001105,225,2.4645626494587014,1324830.6666666665,0.45639278557114227
275,1818.000000000115,225,2.169589963315939,1324830.6666666665,0.4544088176352705
276,1818.000000000117,225,2.181458538028812,1324830.6666666665,0.4524248496993988
277,1818.0000000001364,225,2.188720347699442,1324830.6666666665,0.45044088176352703
278,1818.0000000001376,225,2.235796453386476,1324830.6666666665,0.4484569138276553
279,1828.000000000104,226,2.245180659757726,1324830.6666666665,0.44647294589178355
280,1828.0000000001337,226,2.098842621765283,1324830.6666666665,0.4444889779559118
281,1828.0000000001355,226,2.1897209643507964,1324830.6666666665,0.44250501002004006
282,1828.00000000014,226,2.151486983719698,1324830.6666666665,0.4405210420841683
283,1828.000000000156,226,2.2250614267611044,1324830.6666666665,0.43853707414829657
284,1838.0000000001016,227,2.6239982933677792,1324830.6666666665,0.4365531062124248
285,1838.0000000001155,227,2.1127271807428105,1324830.6666666665,0.4345691382765531
286,1838.0000000001287,227,2.1885922073809927,1324830.6666666665,0.43258517034068134
287,1838.0000000001287,227,2.203427984651729,1324830.6666666665,0.4306012024048096
288,1838.0000000001348,227,2.1376319869023392,1324830.6666666665,0.42861723446893785
289,1838.0000000001417,227,2.3144726287537534,1324830.6666666665,0.4266332665330661
290,1838.0000000001487,227,2.297330738404585,1324830.6666666665,0.42464929859719436
291,1838.000000000167,227,2.367530565269785,1324830.6666666665,0.4226653306613226
292,1848.0000000001232,228,2.3918057394565104,1324830.6666666665,0.42068136272545087
293,1848.000000000128,228,2.4454013971164,1324830.6666666665,0.4186973947895791
294,1848.000000000136,228,2.2459856064798744,1324830.6666666665,0.4167134268537074
295,1848.000000000151,228,2.2519655126400444,1324830.6666666665,0.41472945891783564
296,1848.0000000001528,228,2.39075063874952,1324830.6666666665,0.4127454909819639
297,1858.000000000112,229,2.158285251558353,1324830.6666666665,0.41076152304609215
298,1858.000000000114,229,2.179537322378426,1324830.6666666665,0.4087775551102204
299,1858.000000000122,229,2.302655396811377,1324830.6666666665,0.40679358717434866
300,1858.000000000129,229,2.271799559555961,1324830.6666666665,0.4048096192384769
301,1858.0000000001369,229,2.2102526613830378,1324830.6666666665,0.40282565130260517
302,1858.00000000014,229,2.217298326493743,1324830.6666666665,0.4008416833667334
303,1858.0000000001576,229,2.685446582033547,1324830.6666666665,0.3988577154308617
304,1868.0000000000791,230,2.1598984394784257,1324830.6666666665,0.39687374749498994
305,1868.0000000001212,230,2.419664488628671,1324830.6666666665,0.3948897795591182
306,1868.000000000122,230,2.0961550588035327,1324830.6666666665,0.39290581162324645
307,1868.0000000001264,230,2.275834444926996,1324830.6666666665,0.3909218436873747
308,1868.0000000001403,230,2.114077942526785,1324830.6666666665,0.38893787575150296
309,1868.0000000001592,230,2.159885087159862,1324830.6666666665,0.3869539078156312
310,1878.0000000001248,231,2.33591142848848,1324830.6666666665,0.38496993987975947
311,1878.000000000133,231,2.093770165676238,1324830.6666666665,0.3829859719438877
312,1878.0000000001337,231,2.241467449854085,1324830.6666666665,0.381002004008016
313,1878.0000000001385,231,2.27846907167471,1324830.6666666665,0.37901803607214424
314,1878.000000000139,231,2.2714848804389174,1324830.6666666665,0.3770340681362725
315,1878.0000000001403,231,2.160702379917932,1324830.6666666665,0.37505010020040075
316,1878.0000000001485,231,2.185972966167862,1324830.6666666665,0.373066132264529
317,1878.0000000001723,231,2.1683723856564048,1324830.6666666665,0.37108216432865726
318,1888.0000000000807,232,2.2237335278087427,1324830.6666666665,0.3690981963927855
319,1888.0000000001216,232,2.235961173022888,1324830.6666666665,0.36711422845691377
320,1888.0000000001223,232,2.2593130840046136,1324830.6666666665,0.365130260521042
321,1888.0000000001355,232,2.153159540570813,1324830.6666666665,0.3631462925851704
322,1888.000000000148,232,2.160660750087484,1324830.6666666665,0.36116232464929865
323,1888.000000000152,232,2.265417539420296,1324830.6666666665,0.3591783567134269
324,1888.0000000001653,232,2.154347206999852,1324830.6666666665,0.35719438877755516
325,1898.0000000001053,233,2.4484536067231955,1324830.6666666665,0.3552104208416834
326,1898.0000000001407,233,2.1726203573935625,1324830.6666666665,0.35322645290581167
327,1898.0000000001585,233,2.317697195493888,1324830.6666666665,0.3512424849699399
328,1898.0000000001637,233,2.29529653756324,1324830.6666666665,0.3492585170340682
329,1908.0000000001216,234,2.2127529388452127,1324830.6666666665,0.34727454909819644
330,1908.0000000001307,234,2.19526628009664,1324830.6666666665,0.3452905811623247
331,1908.000000000139,234,2.261578492014464,1324830.6666666665,0.34330661322645295
332,1918.0000000001228,235,2.186474845204009,1324830.6666666665,0.3413226452905812
333,1918.0000000001316,235,2.217335723492602,1324830.6666666665,0.33933867735470946
334,1918.0000000001344,235,2.2309873665735567,1324830.6666666665,0.3373547094188377
335,1918.0000000001355,235,2.14482995268288,1324830.6666666665,0.335370741482966
336,1918.000000000136,235,2.186837773877133,1324830.6666666665,0.33338677354709423
337,1918.0000000001403,235,2.199676728476948,1324830.6666666665,0.3314028056112225
338,1918.0000000001417,235,2.203919190581875,1324830.6666666665,0.32941883767535074
339,1918.0000000001423,235,2.217527722952153,1324830.6666666665,0.327434869739479
340,1918.0000000001548,235,2.208916176263309,1324830.6666666665,0.32545090180360725
341,1918.000000000174,235,2.2638400734533044,1324830.6666666665,0.3234669338677355
342,1918.000000000188,235,2.2793680212069747,1324830.6666666665,0.32148296593186376
343,1928.000000000124,236,2.273323865557194,1324830.6666666665,0.319498997995992
344,1928.000000000142,236,2.137915182111444,1324830.6666666665,0.3175150300601203
345,1928.000000000144,236,2.2126631521497826,1324830.6666666665,0.31553106212424853
346,1928.0000000001448,236,2.2321850396946186,1324830.6666666665,0.3135470941883768
347,1938.0000000001232,237,2.077046135197941,1324830.6666666665,0.31156312625250504
348,1938.0000000001285,237,2.214747762968146,1324830.6666666665,0.3095791583166333
349,1938.0000000001369,237,2.304409621476906,1324830.6666666665,0.30759519038076155
350,1938.0000000001396,237,2.2319804227869016,1324830.6666666665,0.3056112224448898
351,1938.000000000144,237,2.205490234311246,1324830.6666666665,0.30362725450901806
352,1938.0000000001448,237,2.249844126118512,1324830.6666666665,0.3016432865731463
353,1938.0000000001453,237,2.2554629826151835,1324830.6666666665,0.2996593186372746
354,1948.000000000124,238,2.239648788137767,1324830.6666666665,0.29767535070140283
355,1948.000000000128,238,2.1769066161183366,1324830.6666666665,0.2956913827655311
356,1948.0000000001548,238,2.26271477220011,1324830.6666666665,0.29370741482965934
357,1948.0000000001603,238,2.295838308746469,1324830.6666666665,0.2917234468937876
358,1948.0000000001623,238,2.212832912796424,1324830.6666666665,0.28973947895791585
359,1948.000000000164,238,2.221348734845116,1324830.6666666665,0.2877555110220441
360,1958.0000000001248,239,2.22846613538603,1324830.6666666665,0.28577154308617236
361,1958.0000000001255,239,2.235082881186888,1324830.6666666665,0.2837875751503006
362,1958.0000000001328,239,2.234385592574761,1324830.6666666665,0.2818036072144289
363,1958.000000000141,239,2.2129876863928084,1324830.6666666665,0.27981963927855713
364,1958.0000000001464,239,2.2701752685418923,1324830.6666666665,0.2778356713426854
365,1958.0000000001544,239,2.4541019034827887,1324830.6666666665,0.27585170340681364
366,1958.0000000001603,239,2.171085119604056,1324830.6666666665,0.2738677354709419
367,1968.000000000105,240,2.32589759195472,1324830.6666666665,0.27188376753507015
368,1968.0000000001264,240,2.225215351452272,1324830.6666666665,0.2698997995991984
369,1968.0000000001376,240,2.2518527199864016,1324830.6666666665,0.26791583166332666
370,1968.0000000001655,240,2.2215952269018437,1324830.6666666665,0.2659318637274549
371,1978.0000000001385,241,2.2150773313319587,1324830.6666666665,0.2639478957915832
372,1978.0000000001396,241,2.2613608388186286,1324830.6666666665,0.26196392785571143
373,1978.0000000001469,241,2.218495992894045,1324830.6666666665,0.2599799599198397
374,1978.000000000147,241,2.2817274184272853,1324830.6666666665,0.25799599198396794
375,1978.000000000148,241,2.222562859960881,1324830.6666666665,0.2560120240480962
376,1978.0000000001544,241,2.258327793114976,1324830.6666666665,0.25402805611222445
377,1978.0000000001676,241,2.3451120270295305,1324830.6666666665,0.2520440881763527
378,1978.000000000169,241,2.119680508710959,1324830.6666666665,0.25006012024048097
379,1988.000000000124,242,2.232210016113327,1324830.6666666665,0.24807615230460922
380,1988.0000000001355,242,2.237925394756981,1324830.6666666665,0.24609218436873748
381,1988.0000000001369,242,2.235698837129352,1324830.6666666665,0.24410821643286573
382,1988.0000000001448,242,2.224183727407484,1324830.6666666665,0.242124248496994
383,1988.000000000162,242,2.2120003713999825,1324830.6666666665,0.24014028056112224
384,1998.0000000001016,243,2.251061542205436,1324830.6666666665,0.2381563126252505
385,1998.000000000135,243,2.2121446342870708,1324830.6666666665,0.23617234468937875
386,1998.000000000156,243,2.216169882552737,1324830.6666666665,0.234188376753507
387,1998.0000000001653,243,2.230093591188544,1324830.6666666665,0.23220440881763527
388,2008.0000000001316,244,2.36753463215858,1324830.6666666665,0.23022044088176352
389,2008.0000000001337,244,2.39076378973135,1324830.6666666665,0.22823647294589178
390,2008.0000000001464,244,2.2207842249959917,1324830.6666666665,0.22625250501002003
391,2008.0000000001487,244,2.1646717285037704,1324830.6666666665,0.2242685370741483
392,2008.0000000001503,244,2.2731097037741743,1324830.6666666665,0.22228456913827654
393,2008.00000000016,244,2.248747595556356,1324830.6666666665,0.2203006012024048
394,2008.000000000167,244,2.205982593237359,1324830.6666666665,0.21831663326653306
395,2008.0000000001787,244,2.264333082549128,1324830.6666666665,0.2163326653306613
396,2018.000000000156,245,2.250132458116584,1324830.6666666665,0.21434869739478957
397,2028.000000000116,246,2.3405073835241503,1324830.6666666665,0.21236472945891782
398,2028.0000000001216,246,2.283761513615969,1324830.6666666665,0.21038076152304608
399,2028.0000000001344,246,2.257780047355092,1324830.6666666665,0.20839679358717433
400,2028.0000000001364,246,2.230079682404407,1324830.6666666665,0.2064128256513026
401,2028.000000000137,246,2.2618255053053558,1324830.6666666665,0.20442885771543085
402,2028.0000000001476,246,2.251726554471358,1324830.6666666665,0.2024448897795591
403,2028.000000000148,246,2.2386618511596046,1324830.6666666665,0.20046092184368736
404,2028.000000000148,246,2.256171460662524,1324830.6666666665,0.1984769539078156
405,2028.0000000001608,246,2.32011116748462,1324830.6666666665,0.19649298597194387
406,2028.0000000001648,246,2.279180148391723,1324830.6666666665,0.19450901803607212
407,2028.000000000168,246,2.2280552588825,1324830.6666666665,0.19252505010020038
408,2028.000000000171,246,2.2428080925286733,1324830.6666666665,0.19054108216432863
409,2028.0000000001728,246,2.211717440389607,1324830.6666666665,0.1885571142284569
410,2038.0000000001128,247,2.422112282960224,1324830.6666666665,0.18657314629258515
411,2038.000000000128,247,2.251742826195675,1324830.6666666665,0.1845891783567134
412,2038.0000000001403,247,2.276163352861288,1324830.6666666665,0.18260521042084166
413,2038.0000000001492,247,2.267996395626679,1324830.6666666665,0.1806212424849699
414,2038.0000000001571,247,2.217756944444899,1324830.6666666665,0.17863727454909817
415,2048.0000000001496,248,2.257056862731757,1324830.6666666665,0.17665330661322642
416,2058.0000000001305,249,2.2660754769773988,1324830.6666666665,0.17466933867735468
417,2058.0000000001573,249,2.193214371839981,1324830.6666666665,0.17268537074148294
418,2058.000000000159,249,2.2303803111632985,1324830.6666666665,0.1707014028056112
419,2068.000000000145,250,2.315185147435744,1324830.6666666665,0.16871743486973945
420,2068.000000000148,250,2.233497186256148,1324830.6666666665,0.1667334669338677
421,2068.0000000001505,250,2.264219809316731,1324830.6666666665,0.16474949899799596
422,2068.000000000155,250,2.268663459792547,1324830.6666666665,0.1627655310621242
423,2068.0000000001583,250,2.233799210723406,1324830.6666666665,0.16078156312625247
424,2068.000000000166,250,2.24947901527638,1324830.6666666665,0.15879759519038072
425,2068.0000000001687,250,2.1490796441640008,1324830.6666666665,0.15681362725450898
426,2078.0000000001523,251,2.254633288984483,1324830.6666666665,0.15482965931863724
427,2078.00000000017,251,2.456676398241558,1324830.6666666665,0.1528456913827655
428,2088.000000000069,252,2.1553664912235315,1324830.6666666665,0.15086172344689375
429,2088.000000000141,252,2.280969963447087,1324830.6666666665,0.148877755511022
430,2088.000000000144,252,2.2354169776488084,1324830.6666666665,0.14689378757515026
431,2098.0000000001496,253,2.208213915060399,1324830.6666666665,0.14490981963927851
432,2098.000000000156,253,2.123515810831056,1324830.6666666665,0.14292585170340677
433,2098.0000000001637,253,2.2145049208924603,1324830.6666666665,0.14094188376753503
434,2098.0000000001687,253,2.2135885903892376,1324830.6666666665,0.13895791583166328
435,2098.0000000001687,253,2.204386046462145,1324830.6666666665,0.13697394789579154
436,2098.0000000001705,253,2.1959743116872645,1324830.6666666665,0.1349899799599198
437,2108.000000000125,254,2.5717325472060866,1324830.6666666665,0.13300601202404805
438,2108.000000000145,254,2.163872389973573,1324830.6666666665,0.1310220440881763
439,2108.0000000001555,254,2.2473029014788386,1324830.6666666665,0.12903807615230456
440,2108.0000000001755,254,2.2179738787957666,1324830.6666666665,0.12705410821643282
441,2118.000000000165,255,2.1923216320979715,1324830.6666666665,0.12507014028056107
442,2118.0000000001696,255,2.1922982602248844,1324830.6666666665,0.12308617234468933
443,2118.0000000001705,255,2.30706354060993,1324830.6666666665,0.12110220440881758
444,2128.000000000112,256,2.229078706644611,1324830.6666666665,0.11911823647294584
445,2128.000000000125,256,2.220641113589476,1324830.6666666665,0.1171342685370741
446,2128.0000000001446,256,2.2105548136326725,1324830.6666666665,0.11515030060120235
447,2138.0000000001032,257,2.2765787722628867,1324830.6666666665,0.1131663326653306
448,2148.0000000001564,258,2.250270937815658,1324830.6666666665,0.11118236472945897
449,2148.0000000001564,258,2.2182790815410445,1324830.6666666665,0.10919839679358723
450,2158.000000000153,259,2.182522860615836,1324830.6666666665,0.10721442885771548
451,2158.0000000001737,259,2.263591233732378,1324830.6666666665,0.10523046092184374
452,2158.000000000181,259,2.2789276610824185,1324830.6666666665,0.103246492985972
453,2168.0000000001287,260,2.3807198821846685,1324830.6666666665,0.10126252505010025
454,2168.000000000158,260,2.2159943326490006,1324830.6666666665,0.0992785571142285
455,2168.000000000161,260,2.144650392592742,1324830.6666666665,0.09729458917835676
456,2168.000000000162,260,2.21852485840503,1324830.6666666665,0.09531062124248502
457,2168.0000000001623,260,2.1217441305260545,1324830.6666666665,0.09332665330661327
458,2168.0000000001646,260,2.2619066923357702,1324830.6666666665,0.09134268537074153
459,2168.0000000001714,260,2.2376876465695283,1324830.6666666665,0.08935871743486978
460,2168.000000000174,260,2.289099596560048,1324830.6666666665,0.08737474949899804
461,2168.0000000001783,260,2.368021268740054,1324830.6666666665,0.0853907815631263
462,2178.0000000001373,261,2.1900671710482973,1324830.6666666665,0.08340681362725455
463,2178.000000000153,261,2.2411694425593645,1324830.6666666665,0.0814228456913828
464,2178.00000000016,261,2.20481511520649,1324830.6666666665,0.07943887775551106
465,2178.0000000001683,261,2.2681644108514134,1324830.6666666665,0.07745490981963932
466,2178.000000000177,261,2.2961618768587466,1324830.6666666665,0.07547094188376757
467,2188.0000000001373,262,2.2357662013064266,1324830.6666666665,0.07348697394789583
468,2188.0000000001446,262,2.2820384537570506,1324830.6666666665,0.07150300601202408
469,2188.000000000156,262,2.264894228259128,1324830.6666666665,0.06951903807615234
470,2198.0000000001723,263,2.179398802119331,1324830.6666666665,0.0675350701402806
471,2198.0000000001746,263,2.2992503627380008,1324830.6666666665,0.06555110220440885
472,2208.000000000137,264,2.2654049053607217,1324830.6666666665,0.0635671342685371
473,2208.0000000001523,264,2.2428078587549813,1324830.6666666665,0.06158316633266536
474,2208.000000000165,264,2.2463956122165336,1324830.6666666665,0.05959919839679362
475,2208.0000000001664,264,2.2096224702956304,1324830.6666666665,0.057615230460921874
476,2208.000000000171,264,2.1823345285388505,1324830.6666666665,0.05563126252505013
477,2218.000000000158,265,2.169338240611612,1324830.6666666665,0.053647294589178385
478,2218.000000000161,265,2.245596388359521,1324830.6666666665,0.05166332665330664
479,2218.0000000001737,265,2.2353459861875367,1324830.6666666665,0.049679358717434896
480,2228.000000000158,266,2.2755032405938125,1324830.6666666665,0.04769539078156315
481,2238.000000000161,267,2.2323187450882447,1324830.6666666665,0.04571142284569141
482,2238.000000000161,267,2.1800039415162646,1324830.6666666665,0.04372745490981966
483,2238.0000000001787,267,2.291187537692512,1324830.6666666665,0.04174348697394792
484,2248.000000000136,268,2.305067658492158,1324830.6666666665,0.039759519038076174
485,2248.0000000001514,268,2.184521517589652,1324830.6666666665,0.03777555110220443
486,2268.0000000001173,270,2.3712364204466136,1324830.6666666665,0.035791583166332686
487,2268.000000000152,270,2.315717912366789,1324830.6666666665,0.03380761523046094
488,2278.000000000178,271,2.204149038123783,1324830.6666666665,0.0318236472945892
489,2288.0000000001696,272,2.2527779010663043,1324830.6666666665,0.029839679358717452
490,2288.000000000172,272,2.31997431776696,1324830.6666666665,0.027855711422845708
491,2288.0000000001733,272,2.253498147271761,1324830.6666666665,0.025871743486973964
492,2298.000000000161,273,2.425639539560178,1324830.6666666665,0.02388777555110222
493,2318.00000000016,275,2.2339917197291568,1324830.6666666665,0.021903807615230475
494,2328.000000000168,276,2.216005733830783,1324830.6666666665,0.01991983967935873
495,2328.000000000169,276,2.349123260535225,1324830.6666666665,0.017935871743486986
496,2328.0000000001764,276,2.2287306892288097,1324830.6666666665,0.015951903807615242
497,2338.0000000001914,277,2.38836546104589,1324830.6666666665,0.013967935871743498
498,2388.0000000001714,282,2.2516236659782094,1324830.6666666665,0.011983967935871753
499,2408.000000000188,284,2.2669333888794725,1324830.6666666665,0.01
